variant,p22,p42,p49,p72,p78,p79,p80,p130,p131,p132,p150,p198,p199,p205,p206,p215,p216,p225,p279,activity
MG8-WT,Y,V,S,I,Y,V,S,T,R,T,W,V,V,H,A,G,S,N,T,0.693147180559945
Y78F,Y,V,S,I,F,V,S,T,R,T,W,V,V,H,A,G,S,N,T,1.57318039171052
V79L,Y,V,S,I,Y,L,S,T,R,T,W,V,V,H,A,G,S,N,T,1.82945533401255
V79M,Y,V,S,I,Y,M,S,T,R,T,W,V,V,H,A,G,S,N,T,2.27733594921641
W150H,Y,V,S,I,Y,V,S,T,R,T,H,V,V,H,A,G,S,N,T,1.89524362963186
S49P-V79L,Y,V,P,I,Y,L,S,T,R,T,W,V,V,H,A,G,S,N,T,2.1658216978144
S49P-V79M,Y,V,P,I,Y,M,S,T,R,T,W,V,V,H,A,G,S,N,T,2.42961511342384
S49P-W150H,Y,V,P,I,Y,V,S,T,R,T,H,V,V,H,A,G,S,N,T,2.41379420323089
Y78F-V79L,Y,V,S,I,F,L,S,T,R,T,W,V,V,H,A,G,S,N,T,2.32315877216899
Y78F-V79M,Y,V,S,I,F,M,S,T,R,T,W,V,V,H,A,G,S,N,T,2.91939418006567
Y78F-W150H,Y,V,S,I,F,V,S,T,R,T,H,V,V,H,A,G,S,N,T,3.67717113775185
V79L-W150H,Y,V,S,I,Y,L,S,T,R,T,H,V,V,H,A,G,S,N,T,3.78730978730944
V79M-W150H,Y,V,S,I,Y,M,S,T,R,T,H,V,V,H,A,G,S,N,T,4.12861229594495
S49P-Y78F-V79L,Y,V,P,I,F,L,S,T,R,T,W,V,V,H,A,G,S,N,T,2.56177619676953
S49P-Y78F-V79M,Y,V,P,I,F,M,S,T,R,T,W,V,V,H,A,G,S,N,T,3.04388901667847
S49P-Y78F-W150H,Y,V,P,I,F,V,S,T,R,T,H,V,V,H,A,G,S,N,T,3.67502456689206
S49P-V79L-W150H,Y,V,P,I,Y,L,S,T,R,T,H,V,V,H,A,G,S,N,T,3.6745890788531
S49P-V79M-W150H,Y,V,P,I,Y,M,S,T,R,T,H,V,V,H,A,G,S,N,T,3.9250488896375
Y78F-V79L-W150H,Y,V,S,I,F,L,S,T,R,T,H,V,V,H,A,G,S,N,T,3.66630218050939
Y78F-V79M-W150H,Y,V,S,I,F,M,S,T,R,T,H,V,V,H,A,G,S,N,T,4.0030965181283
S49P-Y78F-V79L-W150H,Y,V,P,I,F,L,S,T,R,T,H,V,V,H,A,G,S,N,T,3.72858308405759
S49P,Y,V,P,I,Y,V,S,T,R,T,W,V,V,H,A,G,S,N,T,0.868624017698387
S49P-Y78F,Y,V,P,I,F,V,S,T,R,T,W,V,V,H,A,G,S,N,T,1.43278981182806
S49P-Y78F-V79M-W150H,Y,V,P,I,F,M,S,T,R,T,H,V,V,H,A,G,S,N,T,4.17480801352446
V79M-W150H-S80H,Y,V,S,I,Y,M,H,T,R,T,H,V,V,H,A,G,S,N,T,4.12446094507082
V79M-W150H-V199I,Y,V,S,I,Y,M,S,T,R,T,H,V,I,H,A,G,S,N,T,4.90653796768625
V79M-W150H-Y78F-S80H,Y,V,S,I,F,M,H,T,R,T,H,V,V,H,A,G,S,N,T,4.12563723875163
V79M-W150H-Y78F-V199I,Y,V,S,I,F,M,S,T,R,T,H,V,I,H,A,G,S,N,T,4.28731772330895
V79M-W150H-S80H-V199I,Y,V,S,I,Y,M,H,T,R,T,H,V,I,H,A,G,S,N,T,3.71494969636105
V79M-W150H-Y78F-S80H-V199I,Y,V,S,I,F,M,H,T,R,T,H,V,I,H,A,G,S,N,T,4.04890746590725
V79M-W150H-N225C-T279C,Y,V,S,I,Y,M,S,T,R,T,H,V,V,H,A,G,S,C,C,3.99096812106016
V79M-W150H-V199I-V198C-H205Y-G215D,Y,V,S,I,Y,M,S,T,R,T,H,C,I,Y,A,D,S,N,T,5.98547130671756
V79M-W150H-V199I-V198C-H205Y-G215D-R131Q,Y,V,S,I,Y,M,S,T,Q,T,H,C,I,Y,A,D,S,N,T,5.91770584349136
V79M-W150H-V199I-V198C-H205Y-G215D-R131Q-T130G,Y,V,S,I,Y,M,S,G,Q,T,H,C,I,Y,A,D,S,N,T,6.05769008646101
V79M-W150H-V199I-V198C-H205Y-G215D-R131Q-T130R,Y,V,S,I,Y,M,S,R,Q,T,H,C,I,Y,A,D,S,N,T,5.9062399678441
V79M-W150H-V199I-V198C-H205Y-G215D-R131Q-T132E,Y,V,S,I,Y,M,S,T,Q,E,H,C,I,Y,A,D,S,N,T,5.8089870149505
V79M-W150H-V199I-V198C-H205Y-G215D-R131Q-T132S,Y,V,S,I,Y,M,S,T,Q,S,H,C,I,Y,A,D,S,N,T,5.85473638826678
V79M-W150H-V199I-V198C-H205Y-G215D-R131Q-T132V,Y,V,S,I,Y,M,S,T,Q,V,H,C,I,Y,A,D,S,N,T,5.77793090856276
V79M-W150H-V199I-V198C-H205Y-G215D-R131Q-T132R,Y,V,S,I,Y,M,S,T,Q,R,H,C,I,Y,A,D,S,N,T,5.80530996565185
V79M-W150H-V199I-V198C-H205Y-G215D-R131Q-A206S,Y,V,S,I,Y,M,S,T,Q,T,H,C,I,Y,S,D,S,N,T,5.19294956975259
V79M-W150H-V199I-V198C-H205Y-G215D-R131Q-S216W,Y,V,S,I,Y,M,S,T,Q,T,H,C,I,Y,A,D,W,N,T,5.9424553222465
V79M-W150H-V199I-V198C-H205Y-G215D-T130G-R131Q,Y,V,S,I,Y,M,S,G,Q,T,H,C,I,Y,A,D,S,N,T,6.04619552677874
V79M-W150H-V199I-V198C-H205Y-G215D-N225C-T279C,Y,V,S,I,Y,M,S,T,R,T,H,C,I,Y,A,D,S,C,C,6.28110768422736
Y22H,H,V,S,I,Y,V,S,T,R,T,W,V,V,H,A,G,S,N,T,0.444382860629918
I72V,Y,V,S,V,Y,V,S,T,R,T,W,V,V,H,A,G,S,N,T,0.427662116910516
V42I-Y78F,Y,V,S,I,F,V,S,T,R,T,W,V,V,H,A,G,S,N,T,0.920875703210465
V42I-Y78F-Y22H,H,I,S,I,F,V,S,T,R,T,W,V,V,H,A,G,S,N,T,0.718258078339795
V42I-Y78F-S49P,Y,I,P,I,F,V,S,T,R,T,W,V,V,H,A,G,S,N,T,1.04116537498078
V42I-Y78F-I72V,Y,I,S,V,F,V,S,T,R,T,W,V,V,H,A,G,S,N,T,0.622930703093865
V42I-Y78F-Y22H-S49P,H,I,P,I,F,V,S,T,R,T,W,V,V,H,A,G,S,N,T,0.579466052192182
V42I-Y78F-Y22H-I72V,H,I,S,V,F,V,S,T,R,T,W,V,V,H,A,G,S,N,T,0.51959128723718
V42I-Y78F-S49P-I72V,Y,I,P,V,F,V,S,T,R,T,W,V,V,H,A,G,S,N,T,0.908315812570199
V42I-Y78F-Y22H-S49P-I72V,H,I,P,V,F,V,S,T,R,T,W,V,V,H,A,G,S,N,T,0.704274920470198
S49R,Y,V,R,I,Y,V,S,T,R,T,W,V,V,H,A,G,S,N,T,0.336472236621212
S49H,Y,V,H,I,Y,V,S,T,R,T,W,V,V,H,A,G,S,N,T,0.262364264467491
S49K,Y,V,K,I,Y,V,S,T,R,T,W,V,V,H,A,G,S,N,T,0.336472236621212
S49D,Y,V,D,I,Y,V,S,T,R,T,W,V,V,H,A,G,S,N,T,0.182321556793954
S49E,Y,V,E,I,Y,V,S,T,R,T,W,V,V,H,A,G,S,N,T,0.336472236621212
S49T,Y,V,T,I,Y,V,S,T,R,T,W,V,V,H,A,G,S,N,T,0.405465108108164
S49N,Y,V,N,I,Y,V,S,T,R,T,W,V,V,H,A,G,S,N,T,0.336472236621212
S49Q,Y,V,Q,I,Y,V,S,T,R,T,W,V,V,H,A,G,S,N,T,0.53062825106217
S49C,Y,V,C,I,Y,V,S,T,R,T,W,V,V,H,A,G,S,N,T,0.336472236621212
S49G,Y,V,G,I,Y,V,S,T,R,T,W,V,V,H,A,G,S,N,T,0.53062825106217
S49A,Y,V,A,I,Y,V,S,T,R,T,W,V,V,H,A,G,S,N,T,0.0
S49V,Y,V,V,I,Y,V,S,T,R,T,W,V,V,H,A,G,S,N,T,0.182321556793954
S49I,Y,V,I,I,Y,V,S,T,R,T,W,V,V,H,A,G,S,N,T,0.336472236621212
S49L,Y,V,L,I,Y,V,S,T,R,T,W,V,V,H,A,G,S,N,T,0.262364264467491
S49M,Y,V,M,I,Y,V,S,T,R,T,W,V,V,H,A,G,S,N,T,0.693147180559945
S49F,Y,V,F,I,Y,V,S,T,R,T,W,V,V,H,A,G,S,N,T,0.336472236621212
S49Y,Y,V,Y,I,Y,V,S,T,R,T,W,V,V,H,A,G,S,N,T,0.587786664902119
S49W,Y,V,W,I,Y,V,S,T,R,T,W,V,V,H,A,G,S,N,T,0.587786664902119
Y78R,Y,V,S,I,R,V,S,T,R,T,W,V,V,H,A,G,S,N,T,0.587786664902119
Y78H,Y,V,S,I,H,V,S,T,R,T,W,V,V,H,A,G,S,N,T,0.336472236621212
Y78K,Y,V,S,I,K,V,S,T,R,T,W,V,V,H,A,G,S,N,T,0.262364264467491
Y78D,Y,V,S,I,D,V,S,T,R,T,W,V,V,H,A,G,S,N,T,0.336472236621212
Y78E,Y,V,S,I,E,V,S,T,R,T,W,V,V,H,A,G,S,N,T,0.405465108108164
Y78S,Y,V,S,I,S,V,S,T,R,T,W,V,V,H,A,G,S,N,T,0.336472236621212
Y78T,Y,V,S,I,T,V,S,T,R,T,W,V,V,H,A,G,S,N,T,0.470003629245735
Y78N,Y,V,S,I,N,V,S,T,R,T,W,V,V,H,A,G,S,N,T,0.336472236621212
Y78Q,Y,V,S,I,Q,V,S,T,R,T,W,V,V,H,A,G,S,N,T,0.182321556793954
Y78C,Y,V,S,I,C,V,S,T,R,T,W,V,V,H,A,G,S,N,T,0.336472236621212
Y78G,Y,V,S,I,G,V,S,T,R,T,W,V,V,H,A,G,S,N,T,0.0953101798043248
Y78P,Y,V,S,I,P,V,S,T,R,T,W,V,V,H,A,G,S,N,T,0.262364264467491
Y78A,Y,V,S,I,A,V,S,T,R,T,W,V,V,H,A,G,S,N,T,0.0
Y78V,Y,V,S,I,V,V,S,T,R,T,W,V,V,H,A,G,S,N,T,0.262364264467491
Y78I,Y,V,S,I,I,V,S,T,R,T,W,V,V,H,A,G,S,N,T,0.336472236621212
Y78L,Y,V,S,I,L,V,S,T,R,T,W,V,V,H,A,G,S,N,T,0.470003629245735
Y78M,Y,V,S,I,M,V,S,T,R,T,W,V,V,H,A,G,S,N,T,0.336472236621212
Y78W,Y,V,S,I,W,V,S,T,R,T,W,V,V,H,A,G,S,N,T,0.587786664902119
V79R,Y,V,S,I,Y,R,S,T,R,T,W,V,V,H,A,G,S,N,T,0.0953101798043248
V79H,Y,V,S,I,Y,H,S,T,R,T,W,V,V,H,A,G,S,N,T,0.262364264467491
V79K,Y,V,S,I,Y,K,S,T,R,T,W,V,V,H,A,G,S,N,T,0.336472236621212
V79D,Y,V,S,I,Y,D,S,T,R,T,W,V,V,H,A,G,S,N,T,0.405465108108164
V79E,Y,V,S,I,Y,E,S,T,R,T,W,V,V,H,A,G,S,N,T,0.470003629245735
V79S,Y,V,S,I,Y,S,S,T,R,T,W,V,V,H,A,G,S,N,T,0.262364264467491
V79T,Y,V,S,I,Y,T,S,T,R,T,W,V,V,H,A,G,S,N,T,0.182321556793954
V79N,Y,V,S,I,Y,N,S,T,R,T,W,V,V,H,A,G,S,N,T,0.0953101798043248
V79Q,Y,V,S,I,Y,Q,S,T,R,T,W,V,V,H,A,G,S,N,T,0.405465108108164
V79C,Y,V,S,I,Y,C,S,T,R,T,W,V,V,H,A,G,S,N,T,0.53062825106217
V79G,Y,V,S,I,Y,G,S,T,R,T,W,V,V,H,A,G,S,N,T,0.336472236621212
V79P,Y,V,S,I,Y,P,S,T,R,T,W,V,V,H,A,G,S,N,T,0.336472236621212
V79A,Y,V,S,I,Y,A,S,T,R,T,W,V,V,H,A,G,S,N,T,0.0
V79I,Y,V,S,I,Y,I,S,T,R,T,W,V,V,H,A,G,S,N,T,0.336472236621212
V79F,Y,V,S,I,Y,F,S,T,R,T,W,V,V,H,A,G,S,N,T,0.641853886172394
V79Y,Y,V,S,I,Y,Y,S,T,R,T,W,V,V,H,A,G,S,N,T,0.262364264467491
V79W,Y,V,S,I,Y,W,S,T,R,T,W,V,V,H,A,G,S,N,T,0.587786664902119
W150R,Y,V,S,I,Y,V,S,T,R,T,R,V,V,H,A,G,S,N,T,0.336472236621212
W150K,Y,V,S,I,Y,V,S,T,R,T,K,V,V,H,A,G,S,N,T,0.336472236621212
W150D,Y,V,S,I,Y,V,S,T,R,T,D,V,V,H,A,G,S,N,T,0.0953101798043248
W150E,Y,V,S,I,Y,V,S,T,R,T,E,V,V,H,A,G,S,N,T,0.53062825106217
W150S,Y,V,S,I,Y,V,S,T,R,T,S,V,V,H,A,G,S,N,T,0.336472236621212
W150T,Y,V,S,I,Y,V,S,T,R,T,T,V,V,H,A,G,S,N,T,0.587786664902119
W150N,Y,V,S,I,Y,V,S,T,R,T,N,V,V,H,A,G,S,N,T,0.587786664902119
W150Q,Y,V,S,I,Y,V,S,T,R,T,Q,V,V,H,A,G,S,N,T,0.587786664902119
W150C,Y,V,S,I,Y,V,S,T,R,T,C,V,V,H,A,G,S,N,T,0.405465108108164
W150G,Y,V,S,I,Y,V,S,T,R,T,G,V,V,H,A,G,S,N,T,0.336472236621212
W150P,Y,V,S,I,Y,V,S,T,R,T,P,V,V,H,A,G,S,N,T,0.262364264467491
W150A,Y,V,S,I,Y,V,S,T,R,T,A,V,V,H,A,G,S,N,T,0.0
W150V,Y,V,S,I,Y,V,S,T,R,T,V,V,V,H,A,G,S,N,T,0.336472236621212
W150I,Y,V,S,I,Y,V,S,T,R,T,I,V,V,H,A,G,S,N,T,0.262364264467491
W150L,Y,V,S,I,Y,V,S,T,R,T,L,V,V,H,A,G,S,N,T,0.182321556793954
W150M,Y,V,S,I,Y,V,S,T,R,T,M,V,V,H,A,G,S,N,T,0.182321556793954
W150F,Y,V,S,I,Y,V,S,T,R,T,F,V,V,H,A,G,S,N,T,0.336472236621212
W150Y,Y,V,S,I,Y,V,S,T,R,T,Y,V,V,H,A,G,S,N,T,0.0953101798043248
